claim_id,claim,theorem_lemma_figure,proof_or_checker,source_or_test,experiment,raw_result,maturity,fresh_recheck
known-spectral,Real commuting symmetric cubic slices characterize orthogonal decomposition,lem:commuting;lem:unique-factors,proofs/sections/model.tex,"Koiran (2021), Theorem 20; Boralevi et al. (2017), associative characterization",all exact positive cases,exhaustive.jsonl;structured.json,known theorem; proof reproduced,2026-09-16: final clean reproduction and source/PDF consistency recheck passed; general argument reaudited; saved and regenerated exact evidence checked; no independent human review
affine,"All diagonal completions are exactly an affine linear system, with existence checked",thm:affine;prop:certificates,src/exact.py;src/verify.py;proofs/sections/affine.tex,support cancellation; tests/test_adversarial.py independent finite-difference rows; attributed closest mechanism Mickelin-Karaman,exhaustive;mutations,exhaustive.jsonl;mutations.json,proved; finite-checked,2026-09-16: final clean reproduction and source/PDF consistency recheck passed; general argument reaudited; independent producer/verifier rows regression-tested; saved and regenerated evidence checked; no independent human review
kernel,Gain graph gives the entire kernel and exact energy identity,lem:energy;thm:graph,src/exact.py;proofs/sections/graph.tex,independent row/rank and energy comparison; tests/test_adversarial.py,exhaustive;structured,exhaustive.jsonl;structured.json,proved; finite-checked,2026-09-16: final clean reproduction and source/PDF consistency recheck passed; graph/nullspace argument reaudited; independent row construction and exact evidence checked; no independent human review
generic-rigidity,For n<=2 no nonempty mixed fiber is a singleton; for n>=3 Haar Stiefel factors with independent absolutely continuous weights give unique mixed completion almost surely,thm:generic-rigidity,paper/sections/graph.tex;proofs/sections/graph.tex;run.py;check.py,rank count for n<=2; hyperplane-null argument for all-distinct entries; tests/test_core.py exact rational witnesses,structured generic-rigid witnesses in dimensions 3 through 12; low-dimensional exact regression,structured.json;structured-summary.json;tests/test_core.py,proved; deterministic mechanism finite-checked,2026-09-16: quantifiers and conditioning audited; 10 exact full-rank mechanism witnesses independently reconstructed; low-dimensional boundary regression passed; finite witnesses not represented as proof of the probability-one claim; no independent human review
distance,Minimum free support gives exact uniform support-family correction and full-rank necessity,thm:correction;cor:fullrank,proofs/sections/graph.tex,two-explanation support union proof,structured;decoding,structured.json;decoding.json,proved; finite-checked,2026-09-16: final clean reproduction and source/PDF consistency recheck passed; general argument reaudited; saved and regenerated exact evidence checked; no independent human review
lists,"Exact minimum disagreement, minimizing list count and finite/infinite threshold",thm:list,src/decoding.py;proofs/sections/graph.tex,finite observed ratios plus unobserved-class oracle,decoding,decoding.json,proved; 1566 finite comparisons,2026-09-16: final clean reproduction and source/PDF consistency recheck passed; general argument reaudited; saved and regenerated exact evidence checked; no independent human review
clique,Consistency forces a free component to be a Cauchy clique,lem:clique;thm:cauchy-form,proofs/sections/cauchy.tex,associativity and reciprocal cocycle; tests/test_adversarial.py nonuniform orientation,exhaustive;structured;unit tests nonclique and nonuniform cocycle,exhaustive.jsonl;structured.json;tests/test_adversarial.py,proved; finite-checked,2026-09-16: final clean reproduction and source/PDF consistency recheck passed; reverse-pair ratio transcription corrected in proof text; following identity/construction were already correct; nonuniform orientation and cocycle regression passed; no independent human review
spectral,"Cauchy family has explicit real spectral decomposition, rank drop and full-support ambiguity",thm:spectral,proofs/sections/cauchy.tex;src/exact.py,secular-root monotonicity and exact slice action,structured,structured.json,proved; rank and commutators finite-checked,2026-09-16: final clean reproduction and source/PDF consistency recheck passed; general argument reaudited; saved and regenerated exact evidence checked; no independent human review
all-distances,Every distance from 1 to n occurs in a rational full-rank example,thm:all-distances,proofs/sections/cauchy.tex;src/exact.py,identity anchor and rational complement rotation; tests/test_adversarial.py n=9 spectrum,structured;targeted dimension-nine regression,structured.json;tests/test_adversarial.py,proved; 36 campaign constructions plus nine targeted distance checks,2026-09-16: final clean reproduction and source/PDF consistency recheck passed; proof reaudited; all distances 1..9 independently regression-tested for support and full mode rank; no independent human review
posterior,Conditional radius controls every compatible truth without a gross-amplitude bound,lem:perturbation;thm:posterior,proofs/sections/stability.tex;src/stability.py;src/verify.py,restricted margin and exact inverse products; tests/test_adversarial.py compatible-truth containment,noise;mutations;compatible same-fiber truth regression,noise-certificates.json;negative-controls.json;tests/test_adversarial.py,proved; 36 certificates finite-checked,2026-09-16: final clean reproduction and source/PDF consistency recheck passed; theorem reaudited; all saved witnesses checked and a huge-gross-error compatible truth contained by the certified radius; no independent human review
margin,Graph restriction amplitude and transverse singular value lower-bound a restricted margin,prop:graph-margin,proofs/sections/stability.tex,orthogonal kernel split; matrix Frobenius bound,unit test worked matrices,tests/test_core.py,proved; worked example finite-checked,2026-09-16: final clean reproduction and source/PDF consistency recheck passed; general argument reaudited; saved and regenerated exact evidence checked; no independent human review
query,"Minimum-cost trusted coordinate queries, exact single-query amplification, and repeated-query least-squares bound",prop:queries-main;cor:query-correction-main;prop:query-cost-main;prop:queries;prop:query-conditioning;prop:query-cost,paper/sections/discussion.tex;proofs/sections/appendix.tex,disjoint kernel supports; exact rank augmentation; brute-force cost search; repeated-query Cauchy--Schwarz regression,"unit tests: support-free query, brute-force cost, repeated-query bound",tests/test_core.py,proved; three targeted exact checks,2026-09-16: consolidated proposition proof reaudited; brute-force unique/correction costs and repeated-query inequality passed in the 21-test clean run; no independent human review
mask,Only signed orthogonal permutations preserve the whole coordinate diagonal subspace,prop:mask-symmetry-main;prop:mask-symmetry,paper/sections/discussion.tex;proofs/sections/appendix.tex,single column cube argument,unit tests,tests/test_core.py,proved; selected checks,2026-09-16: final clean reproduction and source/PDF consistency recheck passed; general argument reaudited; saved and regenerated exact evidence checked; no independent human review
finite-counts,"Three declared Cartesian families give 741 unique, 772 ambiguous, and 81835 inconsistent records over 83348 tested inputs",tab:exhaustive,run.py;check.py,fixed Cartesian products; two n=3 families overlap; complete n=4 binary mixed-orbit grid,exhaustive,exhaustive.jsonl;exhaustive-summary.json,measured exact finite result; independent coverage and support-profile checked,"2026-09-16: complete n=4 binary family added; every case index/orbit reconstructed; positive null supports independently checked for disjointness, clique gains, and all-distinct pinning; all saved and regenerated evidence accepted; no independent human review"
noise-observation,All 36 conditional witnesses contain the constructed truth; same candidate and radius at four amplitudes per fixed draw,tab:noise;fig:noise,run.py;check.py;export_figures.py,"fixed dimension/noise design, not statistical coverage",noise,noise.csv;noise-certificates.json;plot-data/,measured finite result,2026-09-16: final clean reproduction and source/PDF consistency recheck passed; general argument reaudited; saved and regenerated exact evidence checked; no independent human review
falsification,Three-coordinate ambiguity refutes a two-coordinate obstruction bound,eq:three-example,inputs/three-coordinate-ambiguity.json;proofs/sections/cauchy.tex,retained exact counterexample,exhaustive;unit test worked matrices,inputs/three-coordinate-ambiguity.json,exact counterexample; proved,2026-09-16: final clean reproduction and source/PDF consistency recheck passed; general argument reaudited; saved and regenerated exact evidence checked; no independent human review
literature-map,The article positions the result against 64 unique scholarly works and cites every bibliography entry,sec:introduction;tab:quantifier-map,paper/sections/introduction.tex;paper/references.tex;paper/references.bib,artifact/external_resources.csv; artifact/reference_audit.csv; 64-key citation/bibliography audit,bibliographic and citation-integrity checks,paper/main.aux;paper/references.tex;paper/references.bib;external_resources.csv;reference_audit.csv,bibliographic audit; 19 full-text/model/theorem-level checks and 45 primary metadata/abstract checks; broader entries used only for attributed taxonomy,"2026-09-16: 64 references, 64 unique cited keys, zero uncited bibliography entries, zero undefined citations; full title and DOI defects repaired; Auddy--Yuan added after publisher full-text inspection; not an independent priority review"
optimized-mode-guard,The scientific campaign fails closed when Python optimization would remove assertion-based invariants,artifact execution contract,run.py;tests/test_adversarial.py,subprocess execution with python -O,unit test,tests/test_adversarial.py,implemented; regression-tested,2026-09-16: optimized interpreter invocation rejected before any suite executes; ordinary interpreter campaign remains unchanged
